[
  {
    "model": "admin.logentry",
    "pk": 1,
    "fields": {
      "action_time": "2023-07-30T02:35:45.823Z",
      "user": 1,
      "content_type": 7,
      "object_id": "1",
      "object_repr": "BlackPink comes to Viet Name",
      "action_flag": 1,
      "change_message": "[{\"added\": {}}]"
    }
  },
  {
    "model": "admin.logentry",
    "pk": 2,
    "fields": {
      "action_time": "2023-07-30T02:39:35.149Z",
      "user": 1,
      "content_type": 8,
      "object_id": "3",
      "object_repr": "Great show",
      "action_flag": 1,
      "change_message": "[{\"added\": {}}]"
    }
  },
  {
    "model": "admin.logentry",
    "pk": 3,
    "fields": {
      "action_time": "2023-07-30T02:40:09.764Z",
      "user": 1,
      "content_type": 8,
      "object_id": "4",
      "object_repr": "So pretty",
      "action_flag": 1,
      "change_message": "[{\"added\": {}}]"
    }
  },
  {
    "model": "admin.logentry",
    "pk": 4,
    "fields": {
      "action_time": "2023-07-30T02:40:42.236Z",
      "user": 1,
      "content_type": 6,
      "object_id": "2",
      "object_repr": "anonymous1",
      "action_flag": 1,
      "change_message": "[{\"added\": {}}]"
    }
  },
  {
    "model": "admin.logentry",
    "pk": 5,
    "fields": {
      "action_time": "2023-07-30T02:41:01.419Z",
      "user": 1,
      "content_type": 7,
      "object_id": "2",
      "object_repr": "A lot of conflicts",
      "action_flag": 1,
      "change_message": "[{\"added\": {}}]"
    }
  },
  {
    "model": "admin.logentry",
    "pk": 6,
    "fields": {
      "action_time": "2023-07-30T02:41:19.805Z",
      "user": 1,
      "content_type": 7,
      "object_id": "1",
      "object_repr": "BlackPink comes to Viet Nam",
      "action_flag": 2,
      "change_message": "[{\"changed\": {\"fields\": [\"Title\"]}}]"
    }
  },
  {
    "model": "admin.logentry",
    "pk": 7,
    "fields": {
      "action_time": "2023-07-30T02:41:27.961Z",
      "user": 1,
      "content_type": 8,
      "object_id": "5",
      "object_repr": "why?",
      "action_flag": 1,
      "change_message": "[{\"added\": {}}]"
    }
  },
  {
    "model": "admin.logentry",
    "pk": 8,
    "fields": {
      "action_time": "2023-07-30T02:54:33.088Z",
      "user": 1,
      "content_type": 8,
      "object_id": "4",
      "object_repr": "So pretty and so lon...",
      "action_flag": 2,
      "change_message": "[{\"changed\": {\"fields\": [\"Content\"]}}]"
    }
  },
  {
    "model": "auth.permission",
    "pk": 1,
    "fields": {
      "name": "Can add log entry",
      "content_type": 1,
      "codename": "add_logentry"
    }
  },
  {
    "model": "auth.permission",
    "pk": 2,
    "fields": {
      "name": "Can change log entry",
      "content_type": 1,
      "codename": "change_logentry"
    }
  },
  {
    "model": "auth.permission",
    "pk": 3,
    "fields": {
      "name": "Can delete log entry",
      "content_type": 1,
      "codename": "delete_logentry"
    }
  },
  {
    "model": "auth.permission",
    "pk": 4,
    "fields": {
      "name": "Can view log entry",
      "content_type": 1,
      "codename": "view_logentry"
    }
  },
  {
    "model": "auth.permission",
    "pk": 5,
    "fields": {
      "name": "Can add permission",
      "content_type": 2,
      "codename": "add_permission"
    }
  },
  {
    "model": "auth.permission",
    "pk": 6,
    "fields": {
      "name": "Can change permission",
      "content_type": 2,
      "codename": "change_permission"
    }
  },
  {
    "model": "auth.permission",
    "pk": 7,
    "fields": {
      "name": "Can delete permission",
      "content_type": 2,
      "codename": "delete_permission"
    }
  },
  {
    "model": "auth.permission",
    "pk": 8,
    "fields": {
      "name": "Can view permission",
      "content_type": 2,
      "codename": "view_permission"
    }
  },
  {
    "model": "auth.permission",
    "pk": 9,
    "fields": {
      "name": "Can add group",
      "content_type": 3,
      "codename": "add_group"
    }
  },
  {
    "model": "auth.permission",
    "pk": 10,
    "fields": {
      "name": "Can change group",
      "content_type": 3,
      "codename": "change_group"
    }
  },
  {
    "model": "auth.permission",
    "pk": 11,
    "fields": {
      "name": "Can delete group",
      "content_type": 3,
      "codename": "delete_group"
    }
  },
  {
    "model": "auth.permission",
    "pk": 12,
    "fields": {
      "name": "Can view group",
      "content_type": 3,
      "codename": "view_group"
    }
  },
  {
    "model": "auth.permission",
    "pk": 13,
    "fields": {
      "name": "Can add content type",
      "content_type": 4,
      "codename": "add_contenttype"
    }
  },
  {
    "model": "auth.permission",
    "pk": 14,
    "fields": {
      "name": "Can change content type",
      "content_type": 4,
      "codename": "change_contenttype"
    }
  },
  {
    "model": "auth.permission",
    "pk": 15,
    "fields": {
      "name": "Can delete content type",
      "content_type": 4,
      "codename": "delete_contenttype"
    }
  },
  {
    "model": "auth.permission",
    "pk": 16,
    "fields": {
      "name": "Can view content type",
      "content_type": 4,
      "codename": "view_contenttype"
    }
  },
  {
    "model": "auth.permission",
    "pk": 17,
    "fields": {
      "name": "Can add session",
      "content_type": 5,
      "codename": "add_session"
    }
  },
  {
    "model": "auth.permission",
    "pk": 18,
    "fields": {
      "name": "Can change session",
      "content_type": 5,
      "codename": "change_session"
    }
  },
  {
    "model": "auth.permission",
    "pk": 19,
    "fields": {
      "name": "Can delete session",
      "content_type": 5,
      "codename": "delete_session"
    }
  },
  {
    "model": "auth.permission",
    "pk": 20,
    "fields": {
      "name": "Can view session",
      "content_type": 5,
      "codename": "view_session"
    }
  },
  {
    "model": "auth.permission",
    "pk": 21,
    "fields": {
      "name": "Can add user",
      "content_type": 6,
      "codename": "add_user"
    }
  },
  {
    "model": "auth.permission",
    "pk": 22,
    "fields": {
      "name": "Can change user",
      "content_type": 6,
      "codename": "change_user"
    }
  },
  {
    "model": "auth.permission",
    "pk": 23,
    "fields": {
      "name": "Can delete user",
      "content_type": 6,
      "codename": "delete_user"
    }
  },
  {
    "model": "auth.permission",
    "pk": 24,
    "fields": {
      "name": "Can view user",
      "content_type": 6,
      "codename": "view_user"
    }
  },
  {
    "model": "auth.permission",
    "pk": 25,
    "fields": {
      "name": "Can add post",
      "content_type": 7,
      "codename": "add_post"
    }
  },
  {
    "model": "auth.permission",
    "pk": 26,
    "fields": {
      "name": "Can change post",
      "content_type": 7,
      "codename": "change_post"
    }
  },
  {
    "model": "auth.permission",
    "pk": 27,
    "fields": {
      "name": "Can delete post",
      "content_type": 7,
      "codename": "delete_post"
    }
  },
  {
    "model": "auth.permission",
    "pk": 28,
    "fields": {
      "name": "Can view post",
      "content_type": 7,
      "codename": "view_post"
    }
  },
  {
    "model": "auth.permission",
    "pk": 29,
    "fields": {
      "name": "Can add comment",
      "content_type": 8,
      "codename": "add_comment"
    }
  },
  {
    "model": "auth.permission",
    "pk": 30,
    "fields": {
      "name": "Can change comment",
      "content_type": 8,
      "codename": "change_comment"
    }
  },
  {
    "model": "auth.permission",
    "pk": 31,
    "fields": {
      "name": "Can delete comment",
      "content_type": 8,
      "codename": "delete_comment"
    }
  },
  {
    "model": "auth.permission",
    "pk": 32,
    "fields": {
      "name": "Can view comment",
      "content_type": 8,
      "codename": "view_comment"
    }
  },
  {
    "model": "contenttypes.contenttype",
    "pk": 1,
    "fields": {
      "app_label": "admin",
      "model": "logentry"
    }
  },
  {
    "model": "contenttypes.contenttype",
    "pk": 2,
    "fields": {
      "app_label": "auth",
      "model": "permission"
    }
  },
  {
    "model": "contenttypes.contenttype",
    "pk": 3,
    "fields": {
      "app_label": "auth",
      "model": "group"
    }
  },
  {
    "model": "contenttypes.contenttype",
    "pk": 4,
    "fields": {
      "app_label": "contenttypes",
      "model": "contenttype"
    }
  },
  {
    "model": "contenttypes.contenttype",
    "pk": 5,
    "fields": {
      "app_label": "sessions",
      "model": "session"
    }
  },
  {
    "model": "contenttypes.contenttype",
    "pk": 6,
    "fields": {
      "app_label": "user_profile",
      "model": "user"
    }
  },
  {
    "model": "contenttypes.contenttype",
    "pk": 7,
    "fields": {
      "app_label": "post",
      "model": "post"
    }
  },
  {
    "model": "contenttypes.contenttype",
    "pk": 8,
    "fields": {
      "app_label": "post",
      "model": "comment"
    }
  },
  {
    "model": "sessions.session",
    "pk": "yoqimyqt0hwmqw6x0yljoi2hmm8tcvd6",
    "fields": {
      "session_data": ".eJxVjEEOwiAQRe_C2hA60BZcuu8ZyMAMUjWQlHZlvLtt0oVu_3vvv4XHbc1-a7z4mcRVdOLyuwWMTy4HoAeWe5WxlnWZgzwUedImp0r8up3u30HGlvfaJFI2KWYTgCIAko4OUWkCMwS2cUTYkQXdkQarVAh9Yp16Ry4OoxWfLwEtOFI:1qPwFq:ryBew5dFFuJO1M8WTJV5WrVLzi0T4lIPwxIXWVWEyuw",
      "expire_date": "2023-08-13T02:33:58.531Z"
    }
  },
  {
    "model": "user_profile.user",
    "pk": 1,
    "fields": {
      "password": "pbkdf2_sha256$600000$YGnwokopX6cDxgM4aP2RIO$CB1TIufixm5yTm1E6PntVo1aGb5HsL0egINwWyvjudI=",
      "last_login": "2023-07-30T02:33:58.530Z",
      "is_superuser": true,
      "username": "admin",
      "first_name": "",
      "last_name": "",
      "email": "admin@admin.com",
      "is_staff": true,
      "is_active": true,
      "date_joined": "2023-07-30T02:33:52.147Z",
      "nickname": null,
      "created_at": "2023-07-30T02:33:52.419Z",
      "groups": [],
      "user_permissions": []
    }
  },
  {
    "model": "user_profile.user",
    "pk": 2,
    "fields": {
      "password": "pbkdf2_sha256$600000$mlDqLUOExDfrgIlGNtqZwK$pEfI4soCsAS3lSVnc8E/ELyBylg4jp0Up5GXZTClVvI=",
      "last_login": null,
      "is_superuser": false,
      "username": "anonymous1",
      "first_name": "",
      "last_name": "",
      "email": "",
      "is_staff": false,
      "is_active": true,
      "date_joined": "2023-07-30T02:40:41.958Z",
      "nickname": null,
      "created_at": "2023-07-30T02:40:42.234Z",
      "groups": [],
      "user_permissions": []
    }
  },
  {
    "model": "post.comment",
    "pk": 3,
    "fields": {
      "created_at": "2023-07-30T02:39:35.145Z",
      "updated_at": "2023-07-30T02:39:35.145Z",
      "created_by": 1,
      "updated_by": 1,
      "post": 1,
      "content": "Great show",
      "posted_by": 1
    }
  },
  {
    "model": "post.comment",
    "pk": 4,
    "fields": {
      "created_at": "2023-07-30T02:40:09.763Z",
      "updated_at": "2023-07-30T02:54:33.087Z",
      "created_by": 1,
      "updated_by": 1,
      "post": 1,
      "content": "So pretty and so long 1 2 3 4 5 6",
      "posted_by": 1
    }
  },
  {
    "model": "post.comment",
    "pk": 5,
    "fields": {
      "created_at": "2023-07-30T02:41:27.960Z",
      "updated_at": "2023-07-30T02:41:27.960Z",
      "created_by": 1,
      "updated_by": 1,
      "post": 2,
      "content": "why?",
      "posted_by": 2
    }
  },
  {
    "model": "post.comment",
    "pk": 7,
    "fields": {
      "created_at": "2023-07-30T03:03:51.738Z",
      "updated_at": "2023-07-30T03:03:51.738Z",
      "created_by": null,
      "updated_by": null,
      "post": 5,
      "content": "A powerful exploration of race, class, and justice.",
      "posted_by": 2
    }
  },
  {
    "model": "post.comment",
    "pk": 8,
    "fields": {
      "created_at": "2023-07-30T03:03:51.741Z",
      "updated_at": "2023-07-30T03:03:51.741Z",
      "created_by": null,
      "updated_by": null,
      "post": 6,
      "content": "A brilliant portrayal of the excesses and contradictions of the Jazz Age.",
      "posted_by": 2
    }
  },
  {
    "model": "post.comment",
    "pk": 9,
    "fields": {
      "created_at": "2023-07-30T03:03:51.743Z",
      "updated_at": "2023-07-30T03:03:51.743Z",
      "created_by": null,
      "updated_by": null,
      "post": 7,
      "content": "A chilling warning about the dangers of authoritarianism and the importance of individual freedom.",
      "posted_by": 2
    }
  },
  {
    "model": "post.comment",
    "pk": 10,
    "fields": {
      "created_at": "2023-07-30T03:03:51.745Z",
      "updated_at": "2023-07-30T03:03:51.745Z",
      "created_by": null,
      "updated_by": null,
      "post": 8,
      "content": "A witty and insightful commentary on the social conventions and gender roles of Regency England.",
      "posted_by": 2
    }
  },
  {
    "model": "post.comment",
    "pk": 11,
    "fields": {
      "created_at": "2023-07-30T03:03:51.747Z",
      "updated_at": "2023-07-30T03:03:51.747Z",
      "created_by": null,
      "updated_by": null,
      "post": 9,
      "content": "A coming-of-age story that captures the angst and disillusionment of adolescence.",
      "posted_by": 2
    }
  },
  {
    "model": "post.comment",
    "pk": 12,
    "fields": {
      "created_at": "2023-07-30T03:03:51.749Z",
      "updated_at": "2023-07-30T03:03:51.749Z",
      "created_by": null,
      "updated_by": null,
      "post": 10,
      "content": "A magical world full of love, friendship, and courage.",
      "posted_by": 2
    }
  },
  {
    "model": "post.comment",
    "pk": 13,
    "fields": {
      "created_at": "2023-07-30T03:03:51.751Z",
      "updated_at": "2023-07-30T03:03:51.751Z",
      "created_by": null,
      "updated_by": null,
      "post": 11,
      "content": "A powerful critique of patriarchal societies and religious fundamentalism.",
      "posted_by": 2
    }
  },
  {
    "model": "post.comment",
    "pk": 14,
    "fields": {
      "created_at": "2023-07-30T03:03:51.753Z",
      "updated_at": "2023-07-30T03:03:51.753Z",
      "created_by": null,
      "updated_by": null,
      "post": 12,
      "content": "An epic fantasy tale of determination, sacrifice, and friendship.",
      "posted_by": 2
    }
  },
  {
    "model": "post.comment",
    "pk": 15,
    "fields": {
      "created_at": "2023-07-30T03:03:51.754Z",
      "updated_at": "2023-07-30T03:03:51.754Z",
      "created_by": null,
      "updated_by": null,
      "post": 13,
      "content": "A Pulitzer Prize-winning novel about race, gender, and resilience.",
      "posted_by": 2
    }
  },
  {
    "model": "post.comment",
    "pk": 16,
    "fields": {
      "created_at": "2023-07-30T03:03:51.756Z",
      "updated_at": "2023-07-30T03:03:51.756Z",
      "created_by": null,
      "updated_by": null,
      "post": 14,
      "content": "A cautionary tale about the dangers of vanity and moral decay.",
      "posted_by": 2
    }
  },
  {
    "model": "post.comment",
    "pk": 17,
    "fields": {
      "created_at": "2023-07-30T03:03:51.758Z",
      "updated_at": "2023-07-30T03:03:51.758Z",
      "created_by": null,
      "updated_by": null,
      "post": 15,
      "content": "A beautiful and poignant exploration of the Lost Generation.",
      "posted_by": 2
    }
  },
  {
    "model": "post.comment",
    "pk": 18,
    "fields": {
      "created_at": "2023-07-30T03:03:51.759Z",
      "updated_at": "2023-07-30T03:03:51.759Z",
      "created_by": null,
      "updated_by": null,
      "post": 16,
      "content": "A classic American novel that challenges societal norms and celebrates friendship.",
      "posted_by": 2
    }
  },
  {
    "model": "post.comment",
    "pk": 19,
    "fields": {
      "created_at": "2023-07-30T03:03:51.761Z",
      "updated_at": "2023-07-30T03:03:51.761Z",
      "created_by": null,
      "updated_by": null,
      "post": 17,
      "content": "A haunting post-apocalyptic story of survival and love.",
      "posted_by": 2
    }
  },
  {
    "model": "post.comment",
    "pk": 20,
    "fields": {
      "created_at": "2023-07-30T03:03:51.762Z",
      "updated_at": "2023-07-30T03:03:51.762Z",
      "created_by": null,
      "updated_by": null,
      "post": 18,
      "content": "A thrilling and suspenseful mystery novel.",
      "posted_by": 2
    }
  },
  {
    "model": "post.comment",
    "pk": 21,
    "fields": {
      "created_at": "2023-07-30T03:03:51.764Z",
      "updated_at": "2023-07-30T03:03:51.764Z",
      "created_by": null,
      "updated_by": null,
      "post": 19,
      "content": "A poignant and powerful exploration of mental illness and the pressures of society.",
      "posted_by": 2
    }
  },
  {
    "model": "post.comment",
    "pk": 22,
    "fields": {
      "created_at": "2023-07-30T03:03:51.765Z",
      "updated_at": "2023-07-30T03:03:51.765Z",
      "created_by": null,
      "updated_by": null,
      "post": 20,
      "content": "A gripping dystopian tale of survival and rebellion.",
      "posted_by": 2
    }
  },
  {
    "model": "post.comment",
    "pk": 23,
    "fields": {
      "created_at": "2023-07-30T03:03:51.766Z",
      "updated_at": "2023-07-30T03:03:51.766Z",
      "created_by": null,
      "updated_by": null,
      "post": 21,
      "content": "A thrilling adventure that explores the mysteries of religion and history.",
      "posted_by": 2
    }
  },
  {
    "model": "post.comment",
    "pk": 24,
    "fields": {
      "created_at": "2023-07-30T03:03:51.768Z",
      "updated_at": "2023-07-30T03:03:51.768Z",
      "created_by": null,
      "updated_by": null,
      "post": 22,
      "content": "A heartbreaking and beautiful story of love and loss.",
      "posted_by": 2
    }
  },
  {
    "model": "post.comment",
    "pk": 25,
    "fields": {
      "created_at": "2023-07-30T03:03:51.769Z",
      "updated_at": "2023-07-30T03:03:51.769Z",
      "created_by": null,
      "updated_by": null,
      "post": 23,
      "content": "A classic adventure tale full of magic and wonder.",
      "posted_by": 2
    }
  },
  {
    "model": "post.comment",
    "pk": 26,
    "fields": {
      "created_at": "2023-07-30T03:03:51.770Z",
      "updated_at": "2023-07-30T03:03:51.771Z",
      "created_by": null,
      "updated_by": null,
      "post": 24,
      "content": "A timeless story of love, ambition, and redemption.",
      "posted_by": 2
    }
  },
  {
    "model": "post.post",
    "pk": 1,
    "fields": {
      "created_at": "2023-07-30T02:35:45.821Z",
      "updated_at": "2023-07-30T02:41:19.804Z",
      "created_by": 1,
      "updated_by": 1,
      "title": "BlackPink comes to Viet Nam",
      "is_active": true,
      "author": 1
    }
  },
  {
    "model": "post.post",
    "pk": 2,
    "fields": {
      "created_at": "2023-07-30T02:41:01.418Z",
      "updated_at": "2023-07-30T02:41:01.418Z",
      "created_by": 1,
      "updated_by": 1,
      "title": "A lot of conflicts",
      "is_active": true,
      "author": 1
    }
  },
  {
    "model": "post.post",
    "pk": 3,
    "fields": {
      "created_at": "2023-07-30T03:03:05.824Z",
      "updated_at": "2023-07-30T03:03:05.824Z",
      "created_by": null,
      "updated_by": null,
      "title": "To Kill a Mockingbird",
      "is_active": true,
      "author": 1
    }
  },
  {
    "model": "post.post",
    "pk": 4,
    "fields": {
      "created_at": "2023-07-30T03:03:25.036Z",
      "updated_at": "2023-07-30T03:03:25.036Z",
      "created_by": null,
      "updated_by": null,
      "title": "To Kill a Mockingbird",
      "is_active": true,
      "author": 1
    }
  },
  {
    "model": "post.post",
    "pk": 5,
    "fields": {
      "created_at": "2023-07-30T03:03:51.736Z",
      "updated_at": "2023-07-30T03:03:51.736Z",
      "created_by": null,
      "updated_by": null,
      "title": "To Kill a Mockingbird",
      "is_active": true,
      "author": 1
    }
  },
  {
    "model": "post.post",
    "pk": 6,
    "fields": {
      "created_at": "2023-07-30T03:03:51.740Z",
      "updated_at": "2023-07-30T03:03:51.740Z",
      "created_by": null,
      "updated_by": null,
      "title": "The Great Gatsby",
      "is_active": true,
      "author": 1
    }
  },
  {
    "model": "post.post",
    "pk": 7,
    "fields": {
      "created_at": "2023-07-30T03:03:51.742Z",
      "updated_at": "2023-07-30T03:03:51.742Z",
      "created_by": null,
      "updated_by": null,
      "title": "1984",
      "is_active": true,
      "author": 1
    }
  },
  {
    "model": "post.post",
    "pk": 8,
    "fields": {
      "created_at": "2023-07-30T03:03:51.744Z",
      "updated_at": "2023-07-30T03:03:51.744Z",
      "created_by": null,
      "updated_by": null,
      "title": "Pride and Prejudice",
      "is_active": true,
      "author": 1
    }
  },
  {
    "model": "post.post",
    "pk": 9,
    "fields": {
      "created_at": "2023-07-30T03:03:51.746Z",
      "updated_at": "2023-07-30T03:03:51.746Z",
      "created_by": null,
      "updated_by": null,
      "title": "The Catcher in the Rye",
      "is_active": true,
      "author": 1
    }
  },
  {
    "model": "post.post",
    "pk": 10,
    "fields": {
      "created_at": "2023-07-30T03:03:51.748Z",
      "updated_at": "2023-07-30T03:03:51.748Z",
      "created_by": null,
      "updated_by": null,
      "title": "Harry Potter and the Philosopher's Stone",
      "is_active": true,
      "author": 1
    }
  },
  {
    "model": "post.post",
    "pk": 11,
    "fields": {
      "created_at": "2023-07-30T03:03:51.750Z",
      "updated_at": "2023-07-30T03:03:51.750Z",
      "created_by": null,
      "updated_by": null,
      "title": "The Handmaid's Tale",
      "is_active": true,
      "author": 1
    }
  },
  {
    "model": "post.post",
    "pk": 12,
    "fields": {
      "created_at": "2023-07-30T03:03:51.752Z",
      "updated_at": "2023-07-30T03:03:51.752Z",
      "created_by": null,
      "updated_by": null,
      "title": "The Lord of the Rings",
      "is_active": true,
      "author": 1
    }
  },
  {
    "model": "post.post",
    "pk": 13,
    "fields": {
      "created_at": "2023-07-30T03:03:51.753Z",
      "updated_at": "2023-07-30T03:03:51.753Z",
      "created_by": null,
      "updated_by": null,
      "title": "The Color Purple",
      "is_active": true,
      "author": 1
    }
  },
  {
    "model": "post.post",
    "pk": 14,
    "fields": {
      "created_at": "2023-07-30T03:03:51.755Z",
      "updated_at": "2023-07-30T03:03:51.755Z",
      "created_by": null,
      "updated_by": null,
      "title": "The Picture of Dorian Gray",
      "is_active": true,
      "author": 1
    }
  },
  {
    "model": "post.post",
    "pk": 15,
    "fields": {
      "created_at": "2023-07-30T03:03:51.757Z",
      "updated_at": "2023-07-30T03:03:51.757Z",
      "created_by": null,
      "updated_by": null,
      "title": "The Sun Also Rises",
      "is_active": true,
      "author": 1
    }
  },
  {
    "model": "post.post",
    "pk": 16,
    "fields": {
      "created_at": "2023-07-30T03:03:51.758Z",
      "updated_at": "2023-07-30T03:03:51.758Z",
      "created_by": null,
      "updated_by": null,
      "title": "The Adventures of Huckleberry Finn",
      "is_active": true,
      "author": 1
    }
  },
  {
    "model": "post.post",
    "pk": 17,
    "fields": {
      "created_at": "2023-07-30T03:03:51.760Z",
      "updated_at": "2023-07-30T03:03:51.760Z",
      "created_by": null,
      "updated_by": null,
      "title": "The Road",
      "is_active": true,
      "author": 1
    }
  },
  {
    "model": "post.post",
    "pk": 18,
    "fields": {
      "created_at": "2023-07-30T03:03:51.761Z",
      "updated_at": "2023-07-30T03:03:51.761Z",
      "created_by": null,
      "updated_by": null,
      "title": "The Girl with the Dragon Tattoo",
      "is_active": true,
      "author": 1
    }
  },
  {
    "model": "post.post",
    "pk": 19,
    "fields": {
      "created_at": "2023-07-30T03:03:51.763Z",
      "updated_at": "2023-07-30T03:03:51.763Z",
      "created_by": null,
      "updated_by": null,
      "title": "The Bell Jar",
      "is_active": true,
      "author": 1
    }
  },
  {
    "model": "post.post",
    "pk": 20,
    "fields": {
      "created_at": "2023-07-30T03:03:51.764Z",
      "updated_at": "2023-07-30T03:03:51.764Z",
      "created_by": null,
      "updated_by": null,
      "title": "The Hunger Games",
      "is_active": true,
      "author": 1
    }
  },
  {
    "model": "post.post",
    "pk": 21,
    "fields": {
      "created_at": "2023-07-30T03:03:51.766Z",
      "updated_at": "2023-07-30T03:03:51.766Z",
      "created_by": null,
      "updated_by": null,
      "title": "The Da Vinci Code",
      "is_active": true,
      "author": 1
    }
  },
  {
    "model": "post.post",
    "pk": 22,
    "fields": {
      "created_at": "2023-07-30T03:03:51.767Z",
      "updated_at": "2023-07-30T03:03:51.767Z",
      "created_by": null,
      "updated_by": null,
      "title": "The Fault in Our Stars",
      "is_active": true,
      "author": 1
    }
  },
  {
    "model": "post.post",
    "pk": 23,
    "fields": {
      "created_at": "2023-07-30T03:03:51.769Z",
      "updated_at": "2023-07-30T03:03:51.769Z",
      "created_by": null,
      "updated_by": null,
      "title": "The Hobbit",
      "is_active": true,
      "author": 1
    }
  },
  {
    "model": "post.post",
    "pk": 24,
    "fields": {
      "created_at": "2023-07-30T03:03:51.770Z",
      "updated_at": "2023-07-30T03:03:51.770Z",
      "created_by": null,
      "updated_by": null,
      "title": "Great Expectations",
      "is_active": true,
      "author": 1
    }
  }
]